{
    "河北": {
        "石家庄": 1,
        "邯郸": 1,
        "唐山": 1,
        "保定": 1,
        "秦皇岛": 1,
        "邢台": 1,
        "张家口": 1,
        "承德": 1,
        "沧州": 1,
        "廊坊": 1,
        "衡水": 1,
        "辛集": 1,
        "晋州": 1,
        "新乐": 1,
        "遵化": 1,
        "迁安": 1,
        "霸州": 1,
        "三河": 1,
        "定州": 1,
        "涿州": 1,
        "安国": 1,
        "高碑店": 1,
        "泊头": 1,
        "任丘": 1,
        "黄骅": 1,
        "河间": 1,
        "冀州": 1,
        "深州": 1,
        "南宫": 1,
        "沙河": 1,
        "武安": 1
    },
    "山西": {
        "太原": 1,
        "大同": 1,
        "朔州": 1,
        "阳泉": 1,
        "长治": 1,
        "晋城": 1,
        "忻州": 1,
        "吕梁": 1,
        "晋中": 1,
        "临汾": 1,
        "运城": 1,
        "古交": 1,
        "潞城": 1,
        "高平": 1,
        "原平": 1,
        "孝义": 1,
        "汾阳": 1,
        "介休": 1,
        "侯马": 1,
        "霍州": 1,
        "永济": 1,
        "河津": 1
    },
    "内蒙古": {
        "呼和浩特": 1,
        "包头": 1,
        "乌海": 1,
        "赤峰": 1,
        "呼伦贝尔": 1,
        "通辽": 1,
        "乌兰察布": 1,
        "鄂尔多斯": 1,
        "巴彦淖尔": 1,
        "满洲里": 1,
        "扎兰屯": 1,
        "牙克石": 1,
        "根河": 1,
        "额尔古纳": 1,
        "乌兰浩特": 1,
        "阿尔山": 1,
        "霍林郭勒": 1,
        "锡林浩特": 1,
        "二连浩特": 1,
        "丰镇": 1
    },
    "辽宁": {
        "沈阳": 1,
        "大连": 1,
        "朝阳": 1,
        "阜新": 1,
        "铁岭": 1,
        "抚顺": 1,
        "本溪": 1,
        "辽阳": 1,
        "鞍山": 1,
        "丹东": 1,
        "营口": 1,
        "盘锦": 1,
        "锦州": 1,
        "葫芦岛": 1,
        "新民": 1,
        "瓦房店": 1,
        "庄河": 1,
        "北票": 1,
        "凌源": 1,
        "调兵山": 1,
        "开原": 1,
        "灯塔": 1,
        "海城": 1,
        "凤城": 1,
        "东港": 1,
        "大石桥": 1,
        "盖州": 1,
        "凌海": 1,
        "北镇": 1,
        "兴城": 1
    },
    "吉林": {
        "长春": 1,
        "吉林": 1,
        "白城": 1,
        "松原": 1,
        "四平": 1,
        "辽源": 1,
        "通化": 1,
        "白山": 1,
        "德惠": 1,
        "榆树": 1,
        "磐石": 1,
        "蛟河": 1,
        "桦甸": 1,
        "舒兰": 1,
        "洮南": 1,
        "大安": 1,
        "双辽": 1,
        "公主岭": 1,
        "梅河口": 1,
        "集安": 1,
        "临江": 1,
        "延吉": 1,
        "图们": 1,
        "敦化": 1,
        "珲春": 1,
        "龙井": 1,
        "和龙": 1,
        "扶余": 1
    },
    "黑龙江": {
        "哈尔滨": 1,
        "齐齐哈尔": 1,
        "黑河": 1,
        "大庆": 1,
        "伊春": 1,
        "鹤岗": 1,
        "佳木斯": 1,
        "双鸭山": 1,
        "七台河": 1,
        "鸡西": 1,
        "牡丹江": 1,
        "绥化": 1,
        "尚志": 1,
        "五常": 1,
        "讷河": 1,
        "北安": 1,
        "五大连池": 1,
        "铁力": 1,
        "同江": 1,
        "富锦": 1,
        "虎林": 1,
        "密山": 1,
        "绥芬河": 1,
        "海林": 1,
        "宁安": 1,
        "安达": 1,
        "肇东": 1,
        "海伦": 1,
        "穆棱": 1,
        "东宁": 1,
        "抚远": 1
    },
    "江苏": {
        "南京": 1,
        "徐州": 1,
        "连云港": 1,
        "宿迁": 1,
        "淮安": 1,
        "盐城": 1,
        "扬州": 1,
        "泰州": 1,
        "南通": 1,
        "镇江": 1,
        "常州": 1,
        "无锡": 1,
        "苏州": 1,
        "常熟": 1,
        "张家港": 1,
        "太仓": 1,
        "昆山": 1,
        "江阴": 1,
        "宜兴": 1,
        "溧阳": 1,
        "扬中": 1,
        "句容": 1,
        "丹阳": 1,
        "如皋": 1,
        "海门": 1,
        "启东": 1,
        "高邮": 1,
        "仪征": 1,
        "兴化": 1,
        "泰兴": 1,
        "靖江": 1,
        "东台": 1,
        "邳州": 1,
        "新沂": 1
    },
    "浙江": {
        "杭州": 1,
        "宁波": 1,
        "湖州": 1,
        "嘉兴": 1,
        "舟山": 1,
        "绍兴": 1,
        "衢州": 1,
        "金华": 1,
        "台州": 1,
        "温州": 1,
        "丽水": 1,
        "临安": 1,
        "建德": 1,
        "慈溪": 1,
        "余姚": 1,
        "平湖": 1,
        "海宁": 1,
        "桐乡": 1,
        "诸暨": 1,
        "嵊州": 1,
        "江山": 1,
        "兰溪": 1,
        "永康": 1,
        "义乌": 1,
        "东阳": 1,
        "临海": 1,
        "温岭": 1,
        "瑞安": 1,
        "乐清": 1,
        "龙泉": 1
    },
    "安徽": {
        "合肥": 1,
        "芜湖": 1,
        "蚌埠": 1,
        "淮南": 1,
        "马鞍山": 1,
        "淮北": 1,
        "铜陵": 1,
        "安庆": 1,
        "黄山": 1,
        "滁州": 1,
        "阜阳": 1,
        "宿州": 1,
        "六安": 1,
        "亳州": 1,
        "池州": 1,
        "宣城": 1,
        "巢湖": 1,
        "桐城": 1,
        "天长": 1,
        "明光": 1,
        "界首": 1,
        "宁国": 1
    },
    "福建": {
        "厦门": 1,
        "福州": 1,
        "南平": 1,
        "三明": 1,
        "莆田": 1,
        "泉州": 1,
        "漳州": 1,
        "龙岩": 1,
        "宁德": 1,
        "福清": 1,
        "长乐": 1,
        "邵武": 1,
        "武夷山": 1,
        "建瓯": 1,
        "永安": 1,
        "石狮": 1,
        "晋江": 1,
        "南安": 1,
        "龙海": 1,
        "漳平": 1,
        "福安": 1,
        "福鼎": 1
    },
    "江西": {
        "南昌": 1,
        "九江": 1,
        "景德镇": 1,
        "鹰潭": 1,
        "新余": 1,
        "萍乡": 1,
        "赣州": 1,
        "上饶": 1,
        "抚州": 1,
        "宜春": 1,
        "吉安": 1,
        "瑞昌": 1,
        "共青城": 1,
        "乐平": 1,
        "瑞金": 1,
        "德兴": 1,
        "丰城": 1,
        "樟树": 1,
        "高安": 1,
        "井冈山": 1,
        "贵溪": 1
    },
    "山东": {
        "济南": 1,
        "青岛": 1,
        "聊城": 1,
        "德州": 1,
        "东营": 1,
        "淄博": 1,
        "潍坊": 1,
        "烟台": 1,
        "威海": 1,
        "日照": 1,
        "临沂": 1,
        "枣庄": 1,
        "济宁": 1,
        "泰安": 1,
        "莱芜": 1,
        "滨州": 1,
        "菏泽": 1,
        "胶州": 1,
        "即墨": 1,
        "平度": 1,
        "莱西": 1,
        "临清": 1,
        "乐陵": 1,
        "禹城": 1,
        "安丘": 1,
        "昌邑": 1,
        "高密": 1,
        "青州": 1,
        "诸城": 1,
        "寿光": 1,
        "栖霞": 1,
        "海阳": 1,
        "龙口": 1,
        "莱阳": 1,
        "莱州": 1,
        "蓬莱": 1,
        "招远": 1,
        "荣成": 1,
        "乳山": 1,
        "滕州": 1,
        "曲阜": 1,
        "邹城": 1,
        "新泰": 1,
        "肥城": 1
    },
    "河南": {
        "郑州": 1,
        "开封": 1,
        "洛阳": 1,
        "平顶山": 1,
        "安阳": 1,
        "鹤壁": 1,
        "新乡": 1,
        "焦作": 1,
        "濮阳": 1,
        "许昌": 1,
        "漯河": 1,
        "三门峡": 1,
        "南阳": 1,
        "商丘": 1,
        "周口": 1,
        "驻马店": 1,
        "信阳": 1,
        "荥阳": 1,
        "新郑": 1,
        "登封": 1,
        "新密": 1,
        "偃师": 1,
        "孟州": 1,
        "沁阳": 1,
        "卫辉": 1,
        "辉县": 1,
        "林州": 1,
        "禹州": 1,
        "长葛": 1,
        "舞钢": 1,
        "义马": 1,
        "灵宝": 1,
        "项城": 1,
        "巩义": 1,
        "邓州": 1,
        "永城": 1,
        "汝州": 1,
        "济源": 1
    },
    "湖北": {
        "武汉": 1,
        "十堰": 1,
        "襄阳": 1,
        "荆门": 1,
        "孝感": 1,
        "黄冈": 1,
        "鄂州": 1,
        "黄石": 1,
        "咸宁": 1,
        "荆州": 1,
        "宜昌": 1,
        "随州": 1,
        "丹江口": 1,
        "老河口": 1,
        "枣阳": 1,
        "宜城": 1,
        "钟祥": 1,
        "汉川": 1,
        "应城": 1,
        "安陆": 1,
        "广水": 1,
        "麻城": 1,
        "武穴": 1,
        "大冶": 1,
        "赤壁": 1,
        "石首": 1,
        "洪湖": 1,
        "松滋": 1,
        "宜都": 1,
        "枝江": 1,
        "当阳": 1,
        "恩施": 1,
        "利川": 1,
        "仙桃": 1,
        "天门": 1,
        "潜江": 1
    },
    "湖南": {
        "长沙": 1,
        "衡阳": 1,
        "张家界": 1,
        "常德": 1,
        "益阳": 1,
        "岳阳": 1,
        "株洲": 1,
        "湘潭": 1,
        "郴州": 1,
        "永州": 1,
        "邵阳": 1,
        "怀化": 1,
        "娄底": 1,
        "耒阳": 1,
        "常宁": 1,
        "浏阳": 1,
        "津市": 1,
        "沅江": 1,
        "汨罗": 1,
        "临湘": 1,
        "醴陵": 1,
        "湘乡": 1,
        "韶山": 1,
        "资兴": 1,
        "武冈": 1,
        "洪江": 1,
        "冷水江": 1,
        "涟源": 1,
        "吉首": 1
    },
    "广东": {
        "广州": 1,
        "深圳": 1,
        "清远": 1,
        "韶关": 1,
        "河源": 1,
        "梅州": 1,
        "潮州": 1,
        "汕头": 1,
        "揭阳": 1,
        "汕尾": 1,
        "惠州": 1,
        "东莞": 1,
        "珠海": 1,
        "中山": 1,
        "江门": 1,
        "佛山": 1,
        "肇庆": 1,
        "云浮": 1,
        "阳江": 1,
        "茂名": 1,
        "湛江": 1,
        "英德": 1,
        "连州": 1,
        "乐昌": 1,
        "南雄": 1,
        "兴宁": 1,
        "普宁": 1,
        "陆丰": 1,
        "恩平": 1,
        "台山": 1,
        "开平": 1,
        "鹤山": 1,
        "四会": 1,
        "罗定": 1,
        "阳春": 1,
        "化州": 1,
        "信宜": 1,
        "高州": 1,
        "吴川": 1,
        "廉江": 1,
        "雷州": 1
    },
    "广西壮族": {
        "南宁": 1,
        "桂林": 1,
        "柳州": 1,
        "梧州": 1,
        "贵港": 1,
        "玉林": 1,
        "钦州": 1,
        "北海": 1,
        "防城港": 1,
        "崇左": 1,
        "百色": 1,
        "河池": 1,
        "来宾": 1,
        "贺州": 1,
        "岑溪": 1,
        "桂平": 1,
        "北流": 1,
        "东兴": 1,
        "凭祥": 1,
        "宜州": 1,
        "合山": 1,
        "靖西": 1
    },
    "海南": {
        "海口": 1,
        "三亚": 1,
        "三沙": 1,
        "儋州": 1,
        "文昌": 1,
        "琼海": 1,
        "万宁": 1,
        "东方": 1,
        "五指山": 1
    },
    "四川": {
        "成都": 1,
        "广元": 1,
        "绵阳": 1,
        "德阳": 1,
        "南充": 1,
        "广安": 1,
        "遂宁": 1,
        "内江": 1,
        "乐山": 1,
        "自贡": 1,
        "泸州": 1,
        "宜宾": 1,
        "攀枝花": 1,
        "巴中": 1,
        "达州": 1,
        "资阳": 1,
        "眉山": 1,
        "雅安": 1,
        "崇州": 1,
        "邛崃": 1,
        "都江堰": 1,
        "彭州": 1,
        "江油": 1,
        "什邡": 1,
        "广汉": 1,
        "绵竹": 1,
        "阆中": 1,
        "华蓥": 1,
        "峨眉山": 1,
        "万源": 1,
        "简阳": 1,
        "西昌": 1,
        "康定": 1,
        "马尔康": 1
    },
    "贵州": {
        "贵阳": 1,
        "六盘水": 1,
        "遵义": 1,
        "安顺": 1,
        "毕节": 1,
        "铜仁": 1,
        "清镇": 1,
        "赤水": 1,
        "仁怀": 1,
        "凯里": 1,
        "都匀": 1,
        "兴义": 1,
        "福泉": 1
    },
    "云南": {
        "昆明": 1,
        "曲靖": 1,
        "玉溪": 1,
        "丽江": 1,
        "昭通": 1,
        "普洱": 1,
        "临沧": 1,
        "保山": 1,
        "安宁": 1,
        "宣威": 1,
        "芒": 1,
        "瑞丽": 1,
        "大理": 1,
        "楚雄": 1,
        "个旧": 1,
        "开远": 1,
        "蒙自": 1,
        "弥勒": 1,
        "景洪": 1,
        "文山": 1,
        "香格里拉": 1,
        "腾冲": 1
    },
    "陕西": {
        "西安": 1,
        "延安": 1,
        "铜川": 1,
        "渭南": 1,
        "咸阳": 1,
        "宝鸡": 1,
        "汉中": 1,
        "榆林": 1,
        "商洛": 1,
        "安康": 1,
        "韩城": 1,
        "华阴": 1,
        "兴平": 1
    },
    "甘肃": {
        "兰州": 1,
        "嘉峪关": 1,
        "金昌": 1,
        "白银": 1,
        "天水": 1,
        "酒泉": 1,
        "张掖": 1,
        "武威": 1,
        "庆阳": 1,
        "平凉": 1,
        "定西": 1,
        "陇南": 1,
        "玉门": 1,
        "敦煌": 1,
        "临夏": 1,
        "合作": 1
    },
    "青海": {
        "西宁": 1,
        "海东": 1,
        "格尔木": 1,
        "德令哈": 1,
        "玉树": 1
    },
    "西藏": {
        "拉萨": 1,
        "日喀则": 1,
        "昌都": 1,
        "林芝": 1,
        "山南": 1
    },
    "宁夏回族": {
        "银川": 1,
        "石嘴山": 1,
        "吴忠": 1,
        "中卫": 1,
        "固原": 1,
        "灵武": 1,
        "青铜峡": 1
    },
    "台湾": {
        "台北": 1,
        "新北": 1,
        "桃园": 1,
        "台中": 1,
        "台南": 1,
        "高雄": 1,
        "基隆": 1,
        "新竹": 1,
        "嘉义": 1
    },
    "北京": {
        "北京": 1
    },
    "天津": {
        "天津": 1
    },
    "上海": {
        "上海": 1
    },
    "重庆": {
        "重庆": 1
    },
    "香港": {
        "香港特别行政区": 1
    },
    "澳门": {
        "澳门特别行政区": 1
    },
    "新疆维吾尔": {
        "乌鲁木齐": 1,
        "克拉玛依": 1,
        "吐鲁番": 1,
        "哈密": 1,
        "喀什": 1,
        "阿克苏": 1,
        "和田": 1,
        "阿图什": 1,
        "阿拉山口": 1,
        "博乐": 1,
        "昌吉": 1,
        "阜康": 1,
        "库尔勒": 1,
        "伊宁": 1,
        "奎屯": 1,
        "塔城": 1,
        "乌苏": 1,
        "阿勒泰": 1,
        "霍尔果斯": 1,
        "石河子": 1,
        "阿拉尔": 1,
        "图木舒克": 1,
        "五家渠": 1,
        "北屯": 1,
        "铁门关": 1,
        "双河": 1,
        "可克达拉": 1,
        "昆玉": 1
    }
}